Date,Holiday
2012-01-02,New Years Day
2012-01-16,Dr. Martin Luther King Jr.
2012-02-20,Presidents Day
2012-04-06,Good Friday
2012-05-28,MemorialDay
2012-07-04,July 4th
2012-09-03,Labor Day
2012-10-08,Columbus Day
2012-11-12,Veterans Day
2012-11-22,Thanksgiving
2012-12-25,Christmas
2013-01-01,New Years Day
2013-01-21,Dr. Martin Luther King Jr.
2013-02-18,Presidents Day
2013-03-29,Good Friday
2013-05-27,MemorialDay
2013-07-04,July 4th
2013-09-02,Labor Day
2013-10-14,Columbus Day
2013-11-11,Veterans Day
2013-11-28,Thanksgiving
2013-12-25,Christmas
2014-01-01,New Years Day
2014-01-20,Dr. Martin Luther King Jr.
2014-02-17,Presidents Day
2014-04-18,Good Friday
2014-05-26,MemorialDay
2014-07-04,July 4th
2014-09-01,Labor Day
2014-10-13,Columbus Day
2014-11-11,Veterans Day
2014-11-27,Thanksgiving
2014-12-25,Christmas
2015-01-01,New Years Day
2015-01-19,Dr. Martin Luther King Jr.
2015-02-16,Presidents Day
2015-04-03,Good Friday
2015-05-25,MemorialDay
2015-07-03,July 4th
2015-09-07,Labor Day
2015-10-12,Columbus Day
2015-11-11,Veterans Day
2015-11-26,Thanksgiving
2015-12-25,Christmas
2016-01-01,New Years Day
2016-01-18,Dr. Martin Luther King Jr.
2016-02-15,Presidents Day
2016-03-25,Good Friday
2016-05-30,MemorialDay
2016-07-04,July 4th
2016-09-05,Labor Day
2016-10-10,Columbus Day
2016-11-11,Veterans Day
2016-11-24,Thanksgiving
2016-12-25,Christmas
2017-01-02,New Years Day
2017-01-16,Dr. Martin Luther King Jr.
2017-02-20,Presidents Day
2017-04-14,Good Friday
2017-05-29,MemorialDay
2017-07-04,July 4th
2017-09-04,Labor Day
2017-10-09,Columbus Day
2017-11-10,Veterans Day
2017-11-23,Thanksgiving
2017-12-25,Christmas
2018-01-01,New Years Day
2018-01-15,Dr. Martin Luther King Jr.
2018-02-19,Presidents Day
2018-03-30,Good Friday
2018-05-28,MemorialDay
2018-07-04,July 4th
2018-09-03,Labor Day
2018-10-08,Columbus Day
2018-11-12,Veterans Day
2018-11-22,Thanksgiving
2018-12-25,Christmas
2019-01-01,New Years Day
2012-11-23,Black Friday
2013-11-29,Black Friday
2014-11-28,Black Friday
2015-11-27,Black Friday
2016-11-25,Black Friday
2017-11-24,Black Friday
2018-11-23,Black Friday
2019-11-29,Black Friday
